author,rating,text,date_raw,date
testimonial-0,5,We've been using this utility for years - awesome service!,,
testimonial-1,5,This Python app simplified my workflow significantly. Highly recommended.,,
testimonial-2,4,"Had a few issues at first, but their support team is top-notch!",,
testimonial-3,5,A fantastic tool - it has everything you need and more.,,
testimonial-4,5,The interface could be a little more user-friendly.,,
testimonial-5,5,Been a fan of this app since day one. It just keeps getting better!,,
testimonial-6,4,The recent updates really improved the overall experience.,,
testimonial-7,3,A decent web app. There's room for improvement though.,,
testimonial-8,5,The app is reliable and efficient. I can't imagine my day without it now.,,
testimonial-9,1,Encountered some bugs. Hope they fix it soon.,,
testimonial-10,5,This web app is a game-changer! I've boosted my productivity.,,
testimonial-11,4,The features are great but it took me a while to understand how to use them.,,
testimonial-12,4,Love the simplicity and effectiveness of this app.,,
testimonial-13,5,"It's an okay tool, but I've used better.",,
testimonial-14,5,Fantastic app! It's made my job so much easier.,,
testimonial-15,5,"The learning curve is steep, but it's worth it.",,
testimonial-16,5,Great concept but needs more work on the execution.,,
testimonial-17,4,This app is innovative and has a lot of potentials. Keep it up!,,
testimonial-18,5,"It's a solid tool, but there are some minor issues.",,
testimonial-19,5,A great app that delivers on its promises. Very impressed.,,
testimonial-20,5,I'm blown away by the features and functionality. Incredible app!,,
testimonial-21,1,I'm not satisfied with the app's performance. Disappointing.,,
testimonial-22,5,The customer support team went above and beyond to help me. Excellent service!,,
testimonial-23,5,"The app crashes frequently, making it unreliable for my needs.",,
testimonial-24,5,I've recommended this app to all my colleagues. It's a game-changer!,,
testimonial-25,5,The user interface is intuitive and well-designed. Easy to navigate.,,
testimonial-26,5,I expected more from this app. It didn't meet my expectations.,,
testimonial-27,4,The app's performance has improved significantly with the latest update.,,
testimonial-28,5,This app has saved me so much time and effort. Highly efficient!,,
testimonial-29,4,"There are some minor bugs, but overall, a solid app.",,
testimonial-30,4,"I've tried many similar apps, but this one stands out. Impressive!",,
testimonial-31,5,The app's user interface could use some improvements. It feels outdated.,,
testimonial-32,5,I'm extremely satisfied with the app's performance. Works like a charm!,,
testimonial-33,4,The app's documentation is comprehensive and easy to follow.,,
testimonial-34,3,I'm disappointed with the lack of updates and new features.,,
testimonial-35,5,This app has become an essential part of my workflow. Highly recommended!,,
testimonial-36,2,The app is slow and unresponsive at times. Needs optimization.,,
testimonial-37,5,I love the clean and modern design of the app. Pleasing to the eye.,,
testimonial-38,2,I've encountered several bugs that hindered my productivity.,,
testimonial-39,5,This app has become an indispensable tool for me. Great job!,,
testimonial-40,2,The app's user interface is cluttered and confusing. Difficult to navigate.,,
testimonial-41,5,"I've been using this app for a while now, and it has become an essential part of my daily routine. Highly recommended!",,
testimonial-42,1,The customer support team was unresponsive and unhelpful. Disappointing experience.,,
testimonial-43,5,This app has revolutionized the way I work. It's efficient and user-friendly.,,
testimonial-44,3,"The app's performance is inconsistent. It works well sometimes, but other times it's slow and unresponsive.",,
testimonial-45,5,I'm impressed by the frequent updates and new features added to the app. It keeps getting better!,,
testimonial-46,2,"I had high hopes for this app, but it failed to meet my expectations. It lacks important features.",,
testimonial-47,5,The app's interface is intuitive and easy to navigate. I didn't face any issues while using it.,,
testimonial-48,5,This app is a must-have for anyone in the industry. It streamlines processes and saves time.,,
testimonial-49,1,I encountered a critical bug that caused data loss. It was a frustrating experience.,,
testimonial-50,5,"The app's design is visually appealing, and the user experience is excellent.",,
testimonial-51,2,The app's functionality is limited. It needs more features to be truly useful.,,
testimonial-52,4,I've had a positive experience using this app. It has improved my productivity significantly.,,
testimonial-53,2,"The app crashes frequently, making it unreliable for daily use.",,
testimonial-54,5,The app's customer support team was prompt and helpful in resolving my issues. Great service!,,
testimonial-55,5,"I've tried many similar apps, but this one stands out with its exceptional performance and features.",,
testimonial-56,2,The app's user interface is outdated and not intuitive. It needs a modern redesign.,,
testimonial-57,5,I'm extremely satisfied with this app. It has exceeded my expectations in every way.,,
testimonial-58,5,"The app's documentation is comprehensive and easy to follow, making it easy to get started.",,
testimonial-59,5,The app's performance has been flawless. I haven't experienced any issues or slowdowns.,,
